epoch,accuracy,val_accuracy
1,0.8326754570007324,0.9964912533760071
2,0.9927631616592407,1.0
3,0.9984649419784546,1.0
4,0.9991227984428406,1.0
5,0.9986842274665833,1.0
6,0.9991227984428406,1.0
7,0.9997807145118713,1.0
8,0.9993420839309692,1.0
9,1.0,1.0
10,0.9995614290237427,1.0
11,1.0,1.0
12,0.9993420839309692,1.0
13,0.9984649419784546,1.0
14,0.9995614290237427,1.0
15,1.0,1.0
16,0.9995614290237427,1.0
17,1.0,1.0
18,1.0,1.0
19,0.9997807145118713,1.0
20,0.9997807145118713,1.0
21,1.0,1.0
22,0.9997807145118713,1.0
23,0.9993420839309692,1.0
24,1.0,1.0
25,0.9997807145118713,1.0
26,1.0,1.0
27,1.0,1.0
28,1.0,1.0
29,1.0,1.0
30,1.0,1.0
31,1.0,1.0
32,1.0,1.0
33,0.9997807145118713,1.0
34,1.0,1.0
35,1.0,1.0
36,1.0,1.0
37,1.0,1.0
38,1.0,1.0
39,1.0,1.0
40,1.0,1.0
41,1.0,1.0
42,1.0,1.0
43,1.0,1.0
44,0.9997807145118713,1.0
45,1.0,1.0
46,1.0,1.0
47,1.0,1.0
48,1.0,1.0
49,1.0,1.0
50,1.0,1.0
51,1.0,1.0
52,1.0,1.0
53,0.9997807145118713,1.0
54,1.0,1.0
55,1.0,1.0
56,1.0,1.0
57,1.0,1.0
58,1.0,1.0
59,0.9997807145118713,1.0
60,0.9997807145118713,1.0
61,1.0,1.0
62,1.0,1.0
63,1.0,1.0
64,1.0,1.0
65,1.0,1.0
66,1.0,1.0
67,1.0,1.0
68,1.0,1.0
69,1.0,1.0
70,1.0,1.0
71,1.0,1.0
72,1.0,1.0
73,1.0,1.0
74,1.0,1.0
75,1.0,1.0
76,1.0,1.0
77,1.0,1.0
78,1.0,1.0
79,0.9997807145118713,1.0
80,1.0,1.0
